Workbook

Sheet Employee Database
A1: Nexora Technologies Ltd. — Employee Database
A2: CONFIDENTIAL – Internal HR use only. Age and Years of Service are formulas based on today's date. All data is fictional.
A4: Employee ID | B4: Full Name | C4: Gender | D4: Date of Birth | E4: Age | F4: Email | G4: Phone | H4: Department | I4: Designation | J4: Reporting Manager | K4: Date of Joining | L4: Years of Service | M4: Employment Type | N4: Work Location | O4: Status | P4: Emergency Contact
A5: NX-001 | B5: Daniel Carter | C5: Male | D5: 28563 | E5: =DATEDIF(D5,TODAY(),"Y") -> 48 | F5: daniel.carter@nexora-tech.com | G5: +1-555-0110-1000 | H5: Executive | I5: Chief Executive Officer | J5: — (Top Management) | K5: 42009 | L5: =ROUND((TODAY()-K5)/365.25,1) -> 11.7 | M5: Full-time | N5: Head Office | O5: Active | P5: Isabella Carter (Family) +1-555-0210-2000
A6: NX-002 | B6: Sophia Bennett | C6: Female | D6: 29789 | E6: =DATEDIF(D6,TODAY(),"Y") -> 45 | F6: sophia.bennett@nexora-tech.com | G6: +1-555-0111-1037 | H6: Finance | I6: Chief Financial Officer | J6: Daniel Carter | K6: 42064 | L6: =ROUND((TODAY()-K6)/365.25,1) -> 11.6 | M6: Full-time | N6: Head Office | O6: Active | P6: Liam Bennett (Family) +1-555-0211-2041
A7: NX-003 | B7: Marcus Reed | C7: Male | D7: 30629 | E7: =DATEDIF(D7,TODAY(),"Y") -> 42 | F7: marcus.reed@nexora-tech.com | G7: +1-555-0112-1074 | H7: Technology | I7: Chief Technology Officer | J7: Daniel Carter | K7: 42170 | L7: =ROUND((TODAY()-K7)/365.25,1) -> 11.3 | M7: Full-time | N7: Head Office | O7: Active | P7: Ava Reed (Family) +1-555-0212-2082
A8: NX-004 | B8: Olivia Hughes | C8: Female | D8: 31081 | E8: =DATEDIF(D8,TODAY(),"Y") -> 41 | F8: olivia.hughes@nexora-tech.com | G8: +1-555-0113-1111 | H8: Human Resources | I8: HR Manager | J8: Daniel Carter | K8: 42410 | L8: =ROUND((TODAY()-K8)/365.25,1) -> 10.7 | M8: Full-time | N8: Head Office | O8: Active | P8: Noah Hughes (Family) +1-555-0213-2123
A9: NX-005 | B9: Ethan Brooks | C9: Male | D9: 32404 | E9: =DATEDIF(D9,TODAY(),"Y") -> 38 | F9: ethan.brooks@nexora-tech.com | G9: +1-555-0114-1148 | H9: Technology | I9: Senior Software Engineer | J9: Marcus Reed | K9: 42828 | L9: =ROUND((TODAY()-K9)/365.25,1) -> 9.5 | M9: Full-time | N9: Head Office | O9: Active | P9: Emma Brooks (Family) +1-555-0214-2164
A10: NX-006 | B10: Isabella Foster | C10: Female | D10: 33385 | E10: =DATEDIF(D10,TODAY(),"Y") -> 35 | F10: isabella.foster@nexora-tech.com | G10: +1-555-0115-1185 | H10: Technology | I10: Software Engineer | J10: Marcus Reed | K10: 43696 | L10: =ROUND((TODAY()-K10)/365.25,1) -> 7.1 | M10: Full-time | N10: Head Office | O10: Active | P10: James Foster (Family) +1-555-0215-2205
A11: NX-007 | B11: Liam Sanders | C11: Male | D11: 34304 | E11: =DATEDIF(D11,TODAY(),"Y") -> 32 | F11: liam.sanders@nexora-tech.com | G11: +1-555-0116-1222 | H11: Technology | I11: Software Engineer | J11: Marcus Reed | K11: 43843 | L11: =ROUND((TODAY()-K11)/365.25,1) -> 6.7 | M11: Full-time | N11: Remote | O11: Active | P11: Mia Sanders (Family) +1-555-0216-2246
A12: NX-008 | B12: Ava Mitchell | C12: Female | D12: 34805 | E12: =DATEDIF(D12,TODAY(),"Y") -> 31 | F12: ava.mitchell@nexora-tech.com | G12: +1-555-0117-1259 | H12: Technology | I12: QA Engineer | J12: Marcus Reed | K12: 44277 | L12: =ROUND((TODAY()-K12)/365.25,1) -> 5.5 | M12: Full-time | N12: Head Office | O12: Active | P12: Benjamin Mitchell (Family) +1-555-0217-2287
A13: NX-009 | B13: Noah Parker | C13: Male | D13: 31997 | E13: =DATEDIF(D13,TODAY(),"Y") -> 39 | F13: noah.parker@nexora-tech.com | G13: +1-555-0118-1296 | H13: Sales | I13: Sales Manager | J13: Daniel Carter | K13: 42618 | L13: =ROUND((TODAY()-K13)/365.25,1) -> 10.1 | M13: Full-time | N13: Head Office | O13: Active | P13: Charlotte Parker (Family) +1-555-0218-2328
A14: NX-010 | B14: Emma Collins | C14: Female | D14: 33633 | E14: =DATEDIF(D14,TODAY(),"Y") -> 34 | F14: emma.collins@nexora-tech.com | G14: +1-555-0119-1333 | H14: Sales | I14: Sales Executive | J14: Noah Parker | K14: 43773 | L14: =ROUND((TODAY()-K14)/365.25,1) -> 6.9 | M14: Full-time | N14: Branch Office | O14: Active | P14: Lucas Collins (Family) +1-555-0219-2369
A15: NX-011 | B15: James Ward | C15: Male | D15: 34497 | E15: =DATEDIF(D15,TODAY(),"Y") -> 32 | F15: james.ward@nexora-tech.com | G15: +1-555-0120-1370 | H15: Sales | I15: Sales Executive | J15: Noah Parker | K15: 44361 | L15: =ROUND((TODAY()-K15)/365.25,1) -> 5.3 | M15: Full-time | N15: Branch Office | O15: Active | P15: Amelia Ward (Family) +1-555-0220-2410
A16: NX-012 | B16: Mia Turner | C16: Female | D16: 33171 | E16: =DATEDIF(D16,TODAY(),"Y") -> 35 | F16: mia.turner@nexora-tech.com | G16: +1-555-0121-1407 | H16: Marketing | I16: Marketing Manager | J16: Daniel Carter | K16: 43157 | L16: =ROUND((TODAY()-K16)/365.25,1) -> 8.6 | M16: Full-time | N16: Head Office | O16: Active | P16: Henry Turner (Family) +1-555-0221-2451
... A24: NX-020 | B24: Ella Morgan | C24: Female | D24: 36870 | E24: =DATEDIF(D24,TODAY(),"Y") -> 25 | F24: ella.morgan@nexora-tech.com | G24: +1-555-0129-1703 | H24: Marketing | I24: Content Writer | J24: Mia Turner | K24: 45334 | L24: =ROUND((TODAY()-K24)/365.25,1) -> 2.6 | M24: Contract | N24: Remote | O24: Active | P24: Ethan Morgan (Family) +1-555-0229-2779

Sheet Summary
A1: Headcount Summary
A3: Department | B3: Headcount | C3: Avg Years of Service
A4: Executive | B4: =COUNTIF('Employee Database'!$H$5:$H$24,A4) -> 1 | C4: =ROUND(AVERAGEIF('Employee Database'!$H$5:$H$24,A4,'Employee Database'!$L$5:$L$24),1) -> 11.7
A5: Finance | B5: =COUNTIF('Employee Database'!$H$5:$H$24,A5) -> 3 | C5: =ROUND(AVERAGEIF('Employee Database'!$H$5:$H$24,A5,'Employee Database'!$L$5:$L$24),1) -> 7.8
A6: Human Resources | B6: =COUNTIF('Employee Database'!$H$5:$H$24,A6) -> 2 | C6: =ROUND(AVERAGEIF('Employee Database'!$H$5:$H$24,A6,'Employee Database'!$L$5:$L$24),1) -> 7.9
A7: Marketing | B7: =COUNTIF('Employee Database'!$H$5:$H$24,A7) -> 3 | C7: =ROUND(AVERAGEIF('Employee Database'!$H$5:$H$24,A7,'Employee Database'!$L$5:$L$24),1) -> 5.2
A8: Operations | B8: =COUNTIF('Employee Database'!$H$5:$H$24,A8) -> 2 | C8: =ROUND(AVERAGEIF('Employee Database'!$H$5:$H$24,A8,'Employee Database'!$L$5:$L$24),1) -> 6.9
A9: Sales | B9: =COUNTIF('Employee Database'!$H$5:$H$24,A9) -> 3 | C9: =ROUND(AVERAGEIF('Employee Database'!$H$5:$H$24,A9,'Employee Database'!$L$5:$L$24),1) -> 7.4
A10: Technology | B10: =COUNTIF('Employee Database'!$H$5:$H$24,A10) -> 6 | C10: =ROUND(AVERAGEIF('Employee Database'!$H$5:$H$24,A10,'Employee Database'!$L$5:$L$24),1) -> 7.2
A11: Total | B11: =SUM(B4:B10) -> 20 | C11: =ROUND(AVERAGE('Employee Database'!$L$5:$L$24),1) -> 7.3
